STATEFP10,COUNTYFP10,TRACTCE10,GEOID10,NAME10,NAMELSAD10,MTFCC10,FUNCSTAT10,ALAND10,AWATER10,INTPTLAT10,INTPTLON10,closest_station_id
17,031,840300,17031840300,8403,Census Tract 8403,G5020,S,831224,0,+41.8320943,-087.6818822,40120.0
17,031,840200,17031840200,8402,Census Tract 8402,G5020,S,831087,0,+41.8445748,-087.6491915,41130.0
17,031,841100,17031841100,8411,Census Tract 8411,G5020,S,1143247,0,+41.8510058,-087.6350978,41000.0
17,031,841200,17031841200,8412,Census Tract 8412,G5020,S,625405,0,+41.8555618,-087.6833420,40740.0
17,031,838200,17031838200,8382,Census Tract 8382,G5020,S,1157564,0,+41.8704157,-087.6750794,41030.0
17,031,650301,17031650301,6503.01,Census Tract 6503.01,G5020,S,985559,0,+41.7749275,-087.7299916,40930.0
17,031,760803,17031760803,7608.03,Census Tract 7608.03,G5020,S,760355,0,+41.9753463,-087.8441545,40230.0
17,031,440201,17031440201,4402.01,Census Tract 4402.01,G5020,S,531537,0,+41.7482101,-087.6100746,40240.0
17,031,839000,17031839000,8390,Census Tract 8390,G5020,S,516458,0,+41.8710442,-087.6314045,41490.0
17,031,833300,17031833300,8333,Census Tract 8333,G5020,S,477825,0,+41.8716913,-087.6541251,40350.0
17,031,832900,17031832900,8329,Census Tract 8329,G5020,S,401291,0,+41.8741753,-087.6618908,40470.0
17,031,838000,17031838000,8380,Census Tract 8380,G5020,S,537835,0,+41.8773642,-087.6806502,40810.0
17,031,838100,17031838100,8381,Census Tract 8381,G5020,S,822113,0,+41.8786651,-087.6716805,40810.0
17,031,833100,17031833100,8331,Census Tract 8331,G5020,S,922169,0,+41.8790768,-087.6570454,40470.0
17,031,839100,17031839100,8391,Census Tract 8391,G5020,S,1186061,0,+41.8810267,-087.6327464,40040.0
17,031,030601,17031030601,306.01,Census Tract 306.01,G5020,S,142181,110657,+41.9888802,-087.6549042,40880.0
17,031,030604,17031030604,306.04,Census Tract 306.04,G5020,S,174696,109054,+41.9856712,-087.6528374,41380.0
17,031,030706,17031030706,307.06,Census Tract 307.06,G5020,S,395781,186155,+41.9804564,-087.6509730,40340.0
17,031,040201,17031040201,402.01,Census Tract 402.01,G5020,S,721412,0,+41.9725804,-087.6940005,41010.0
17,031,040202,17031040202,402.02,Census Tract 402.02,G5020,S,588656,0,+41.9798549,-087.6940960,41010.0
17,031,838700,17031838700,8387,Census Tract 8387,G5020,S,658084,0,+41.8625775,-087.7201851,40150.0
17,031,841500,17031841500,8415,Census Tract 8415,G5020,S,432306,0,+41.8616224,-087.7079132,41040.0
17,031,838600,17031838600,8386,Census Tract 8386,G5020,S,246252,0,+41.8678233,-087.7008236,40250.0
17,031,837300,17031837300,8373,Census Tract 8373,G5020,S,368497,0,+41.8716191,-087.7055524,40250.0
17,031,837800,17031837800,8378,Census Tract 8378,G5020,S,1005499,0,+41.8847501,-087.6841274,41710.0
17,031,837400,17031837400,8374,Census Tract 8374,G5020,S,591449,0,+41.8759745,-087.6938013,40220.0
17,031,836900,17031836900,8369,Census Tract 8369,G5020,S,164712,0,+41.8818831,-087.7061362,41070.0
17,031,010701,17031010701,107.01,Census Tract 107.01,G5020,S,429680,0,+42.0091481,-087.6786203,40100.0
17,031,030103,17031030103,301.03,Census Tract 301.03,G5020,S,86635,101282,+41.9955241,-087.6551527,40760.0
17,031,030102,17031030102,301.02,Census Tract 301.02,G5020,S,113330,87128,+41.9930264,-087.6550225,40760.0
17,031,010502,17031010502,105.02,Census Tract 105.02,G5020,S,180367,0,+42.0045171,-087.6633275,41300.0
17,031,010503,17031010503,105.03,Census Tract 105.03,G5020,S,194275,0,+42.0003200,-087.6631269,41300.0
17,031,010702,17031010702,107.02,Census Tract 107.02,G5020,S,357547,0,+42.0090199,-087.6727257,40100.0
17,031,837100,17031837100,8371,Census Tract 8371,G5020,S,745299,0,+41.8856737,-087.6987210,41360.0
17,031,837000,17031837000,8370,Census Tract 8370,G5020,S,412543,0,+41.8783233,-087.6986739,41360.0
17,031,831400,17031831400,8314,Census Tract 8314,G5020,S,2104290,0,+41.8691188,-087.7560884,40970.0
17,031,833000,17031833000,8330,Census Tract 8330,G5020,S,1312658,0,+41.8852883,-087.6572425,41510.0
17,031,813701,17031813701,8137.01,Census Tract 8137.01,G5020,S,667532,0,+41.8548833,-087.7541951,40580.0
17,031,813802,17031813802,8138.02,Census Tract 8138.02,G5020,S,584418,0,+41.8479746,-087.7539886,40580.0
17,031,812301,17031812301,8123.01,Census Tract 8123.01,G5020,S,603513,0,+41.8891477,-087.7984589,41350.0
17,031,812801,17031812801,8128.01,Census Tract 8128.01,G5020,S,317312,0,+41.8831871,-087.8024142,40020.0
17,031,812802,17031812802,8128.02,Census Tract 8128.02,G5020,S,370744,0,+41.8832890,-087.7971767,41350.0
17,031,812302,17031812302,8123.02,Census Tract 8123.02,G5020,S,677387,0,+41.8967468,-087.8015407,40020.0
17,031,760801,17031760801,7608.01,Census Tract 7608.01,G5020,S,1300579,0,+41.9834848,-087.8448472,40230.0
17,031,010201,17031010201,102.01,Census Tract 102.01,G5020,S,504470,0,+42.0160076,-087.6801485,40900.0
17,031,010501,17031010501,105.01,Census Tract 105.01,G5020,S,202151,0,+42.0094117,-087.6639581,40100.0
17,031,252101,17031252101,2521.01,Census Tract 2521.01,G5020,S,825523,24575,+41.8738791,-087.7698569,40010.0
17,031,252102,17031252102,2521.02,Census Tract 2521.02,G5020,S,668487,0,+41.8765923,-087.7598116,40700.0
17,031,252202,17031252202,2522.02,Census Tract 2522.02,G5020,S,637445,0,+41.8767584,-087.7445832,40970.0
17,031,040401,17031040401,404.01,Census Tract 404.01,G5020,S,385796,0,+41.9720667,-087.6860816,41480.0
17,031,220601,17031220601,2206.01,Census Tract 2206.01,G5020,S,189121,0,+41.9258252,-087.7128836,41020.0
17,031,210502,17031210502,2105.02,Census Tract 2105.02,G5020,S,345944,0,+41.9337846,-087.7220524,40060.0
17,031,220602,17031220602,2206.02,Census Tract 2206.02,G5020,S,464798,0,+41.9293312,-087.7119813,41020.0
17,031,210602,17031210602,2106.02,Census Tract 2106.02,G5020,S,380698,0,+41.9341669,-087.7125728,40060.0
17,031,220901,17031220901,2209.01,Census Tract 2209.01,G5020,S,293288,0,+41.9191816,-087.7212483,41020.0
17,031,220902,17031220902,2209.02,Census Tract 2209.02,G5020,S,330304,0,+41.9227112,-087.7218357,41020.0
17,031,160501,17031160501,1605.01,Census Tract 1605.01,G5020,S,345248,0,+41.9592098,-087.7129732,41180.0
17,031,832100,17031832100,8321,Census Tract 8321,G5020,S,222089,0,+41.9528214,-087.6532413,40080.0
17,031,843800,17031843800,8438,Census Tract 8438,G5020,S,1309515,0,+41.8016566,-087.6404756,41170.0
17,031,842800,17031842800,8428,Census Tract 8428,G5020,S,1516560,0,+41.8075339,-087.6983044,41150.0
17,031,980100,17031980100,9801,Census Tract 9801,G5020,S,2961319,0,+41.7859901,-087.7509616,40930.0
17,031,842400,17031842400,8424,Census Tract 8424,G5020,S,1968640,0,+41.7424748,-087.6300400,41430.0
17,031,160602,17031160602,1606.02,Census Tract 1606.02,G5020,S,518376,0,+41.9560930,-087.7006348,40870.0
17,031,160502,17031160502,1605.02,Census Tract 1605.02,G5020,S,310887,0,+41.9555841,-087.7130876,41240.0
17,031,140601,17031140601,1406.01,Census Tract 1406.01,G5020,S,272123,0,+41.9646471,-087.7258909,41290.0
17,031,140701,17031140701,1407.01,Census Tract 1407.01,G5020,S,228327,0,+41.9670375,-087.7126525,41180.0
17,031,140602,17031140602,1406.02,Census Tract 1406.02,G5020,S,384380,0,+41.9646520,-087.7210166,41290.0
17,031,140702,17031140702,1407.02,Census Tract 1407.02,G5020,S,427095,0,+41.9635482,-087.7135753,41180.0
17,031,140301,17031140301,1403.01,Census Tract 1403.01,G5020,S,164128,0,+41.9692055,-087.7231695,41290.0
17,031,842500,17031842500,8425,Census Tract 8425,G5020,S,1075342,0,+41.7769505,-087.6232157,41140.0
17,031,842000,17031842000,8420,Census Tract 8420,G5020,S,589975,0,+41.8349599,-087.6251704,41120.0
17,031,843400,17031843400,8434,Census Tract 8434,G5020,S,656156,0,+41.8493272,-087.7320215,40600.0
17,031,843200,17031843200,8432,Census Tract 8432,G5020,S,2887377,274685,+41.8486664,-087.6630210,41060.0
17,031,140302,17031140302,1403.02,Census Tract 1403.02,G5020,S,421895,0,+41.9725485,-087.7237891,41290.0
17,031,110501,17031110501,1105.01,Census Tract 1105.01,G5020,S,791608,0,+41.9770023,-087.7619249,41280.0
17,031,110502,17031110502,1105.02,Census Tract 1105.02,G5020,S,649190,0,+41.9702866,-087.7598504,41280.0
17,031,150401,17031150401,1504.01,Census Tract 1504.01,G5020,S,738023,0,+41.9645676,-087.7722648,41280.0
17,031,842900,17031842900,8429,Census Tract 8429,G5020,S,2208291,0,+41.8631389,-087.6729379,40830.0
17,031,841900,17031841900,8419,Census Tract 8419,G5020,S,2564980,0,+41.8678920,-087.6429686,40430.0
17,031,843100,17031843100,8431,Census Tract 8431,G5020,S,952596,60082,+41.8602975,-087.7008925,41040.0
17,031,843000,17031843000,8430,Census Tract 8430,G5020,S,1065159,0,+41.8679352,-087.7227523,40920.0
17,031,843300,17031843300,8433,Census Tract 8433,G5020,S,584249,0,+41.8637637,-087.6925503,40440.0
17,031,842100,17031842100,8421,Census Tract 8421,G5020,S,2034641,0,+41.8952785,-087.7336103,40030.0
17,031,080201,17031080201,802.01,Census Tract 802.01,G5020,S,135301,0,+41.9094984,-087.6310054,40630.0
17,031,080202,17031080202,802.02,Census Tract 802.02,G5020,S,155329,0,+41.9058597,-087.6309005,40630.0
17,031,063301,17031063301,633.01,Census Tract 633.01,G5020,S,93853,0,+41.9345409,-087.6430242,40530.0
17,031,070102,17031070102,701.02,Census Tract 701.02,G5020,S,124703,0,+41.9305829,-087.6422020,40530.0
17,031,063303,17031063303,633.03,Census Tract 633.03,G5020,S,236592,0,+41.9347312,-087.6346613,40530.0
17,031,081201,17031081201,812.01,Census Tract 812.01,G5020,S,185123,0,+41.8991538,-087.6262120,41450.0
17,031,081202,17031081202,812.02,Census Tract 812.02,G5020,S,204965,530066,+41.9048083,-087.6246510,40630.0
17,031,031501,17031031501,315.01,Census Tract 315.01,G5020,S,160450,0,+41.9672853,-087.6524500,40770.0
17,031,031502,17031031502,315.02,Census Tract 315.02,G5020,S,161701,0,+41.9636326,-087.6523656,40540.0
17,031,040402,17031040402,404.02,Census Tract 404.02,G5020,S,602584,0,+41.9725450,-087.6788180,40090.0
17,031,220702,17031220702,2207.02,Census Tract 2207.02,G5020,S,575195,0,+41.9293687,-087.7242313,41020.0
17,031,842200,17031842200,8422,Census Tract 8422,G5020,S,1482536,83164,+41.9047618,-087.6494844,40650.0
17,031,842300,17031842300,8423,Census Tract 8423,G5020,S,1872228,0,+41.9090015,-087.6606908,41410.0
17,031,843700,17031843700,8437,Census Tract 8437,G5020,S,1263075,0,+41.9448261,-087.6907876,41440.0
17,031,834900,17031834900,8349,Census Tract 8349,G5020,S,652721,0,+41.7722940,-087.6567344,40290.0
17,031,834700,17031834700,8347,Census Tract 8347,G5020,S,657991,0,+41.7906903,-087.6450334,41170.0
17,031,813301,17031813301,8133.01,Census Tract 8133.01,G5020,S,647921,0,+41.8621602,-087.7544156,40580.0
17,031,813702,17031813702,8137.02,Census Tract 8137.02,G5020,S,374814,0,+41.8551815,-087.7465070,40420.0
17,031,813302,17031813302,8133.02,Census Tract 8133.02,G5020,S,647173,0,+41.8622746,-087.7446672,40970.0
17,031,834800,17031834800,8348,Census Tract 8348,G5020,S,600485,0,+41.7836302,-087.6450879,40940.0
17,031,839800,17031839800,8398,Census Tract 8398,G5020,S,266173,0,+41.8350674,-087.6431623,40190.0
17,031,839700,17031839700,8397,Census Tract 8397,G5020,S,648635,0,+41.8330799,-087.6523571,41060.0
17,031,839900,17031839900,8399,Census Tract 8399,G5020,S,1179551,0,+41.8271230,-087.6487068,40190.0
17,031,835200,17031835200,8352,Census Tract 8352,G5020,S,988538,0,+41.7966437,-087.7452866,40930.0
17,031,836800,17031836800,8368,Census Tract 8368,G5020,S,801878,14139,+41.8850903,-087.7149666,41670.0
17,031,836700,17031836700,8367,Census Tract 8367,G5020,S,1227837,0,+41.8917041,-087.7021747,41070.0
17,031,832200,17031832200,8322,Census Tract 8322,G5020,S,399381,0,+41.9204779,-087.6799729,40670.0
17,031,831000,17031831000,8310,Census Tract 8310,G5020,S,281984,0,+41.9147877,-087.6769994,40590.0
17,031,832400,17031832400,8324,Census Tract 8324,G5020,S,323051,0,+41.9157411,-087.6922565,40670.0
17,031,770902,17031770902,7709.02,Census Tract 7709.02,G5020,S,1164799,0,+41.9700657,-087.8361840,40230.0
17,031,252201,17031252201,2522.01,Census Tract 2522.01,G5020,S,386790,0,+41.8766958,-087.7521051,40970.0
17,031,063302,17031063302,633.02,Census Tract 633.02,G5020,S,121200,0,+41.9347647,-087.6398540,41210.0
17,031,070103,17031070103,701.03,Census Tract 701.03,G5020,S,69094,0,+41.9268110,-087.6426051,41220.0
17,031,220701,17031220701,2207.01,Census Tract 2207.01,G5020,S,266386,0,+41.9261554,-087.7215651,41020.0
17,031,834000,17031834000,8340,Census Tract 8340,G5020,S,988763,0,+41.7275358,-087.6294984,40450.0
17,031,834400,17031834400,8344,Census Tract 8344,G5020,S,585567,0,+41.7769448,-087.5963097,40720.0
17,031,836200,17031836200,8362,Census Tract 8362,G5020,S,813722,0,+41.7904691,-087.6012848,40720.0
17,031,831100,17031831100,8311,Census Tract 8311,G5020,S,1315157,0,+41.9428559,-087.7174956,41240.0
17,031,831700,17031831700,8317,Census Tract 8317,G5020,S,532279,0,+41.9526506,-087.7452551,41330.0
17,031,440202,17031440202,4402.02,Census Tract 4402.02,G5020,S,781697,0,+41.7409599,-087.6097620,41430.0
17,031,030702,17031030702,307.02,Census Tract 307.02,G5020,S,8299,0,+41.9806894,-087.6548217,40340.0
17,031,081401,17031081401,814.01,Census Tract 814.01,G5020,S,279853,0,+41.8950391,-087.6197520,41450.0
17,031,081403,17031081403,814.03,Census Tract 814.03,G5020,S,357392,1461699,+41.8891289,-087.6134528,40330.0
17,031,030603,17031030603,306.03,Census Tract 306.03,G5020,S,116001,0,+41.9854762,-087.6583979,41380.0
17,031,030701,17031030701,307.01,Census Tract 307.01,G5020,S,69878,0,+41.9827453,-087.6579659,41380.0
17,031,030703,17031030703,307.03,Census Tract 307.03,G5020,S,198288,0,+41.9788748,-087.6578708,40340.0
17,031,840800,17031840800,8408,Census Tract 8408,G5020,S,328682,0,+41.8408329,-087.7073710,41040.0
17,031,836000,17031836000,8360,Census Tract 8360,G5020,S,505739,0,+41.8140036,-087.6116843,41270.0
17,031,835800,17031835800,8358,Census Tract 8358,G5020,S,284425,0,+41.8130462,-087.6187192,41270.0
17,031,835900,17031835900,8359,Census Tract 8359,G5020,S,647444,0,+41.8201664,-087.6214989,40300.0
17,031,834500,17031834500,8345,Census Tract 8345,G5020,S,464133,0,+41.7860320,-087.6253618,40510.0
17,031,836300,17031836300,8363,Census Tract 8363,G5020,S,137519,0,+41.8015323,-087.6017584,40130.0
17,031,843600,17031843600,8436,Census Tract 8436,G5020,S,410894,0,+41.8067653,-087.6089488,41080.0
17,031,834600,17031834600,8346,Census Tract 8346,G5020,S,1562247,0,+41.7872465,-087.6343057,40910.0
17,031,831800,17031831800,8318,Census Tract 8318,G5020,S,1903565,0,+41.9782333,-087.7164527,41290.0
17,031,838300,17031838300,8383,Census Tract 8383,G5020,S,348133,0,+41.9015665,-087.6384038,40710.0
17,031,832300,17031832300,8323,Census Tract 8323,G5020,S,840145,0,+41.9192070,-087.6714488,40590.0
17,031,832600,17031832600,8326,Census Tract 8326,G5020,S,721627,0,+41.9147492,-087.6540551,40660.0
17,031,832500,17031832500,8325,Census Tract 8325,G5020,S,783013,0,+41.9218778,-087.6641184,41220.0
17,031,832000,17031832000,8320,Census Tract 8320,G5020,S,167584,0,+41.9462941,-087.6542982,41420.0
17,031,061901,17031061901,619.01,Census Tract 619.01,G5020,S,160610,0,+41.9432367,-087.6434599,41320.0
17,031,030104,17031030104,301.04,Census Tract 301.04,G5020,S,109162,71860,+41.9973166,-087.6559766,40760.0
17,031,030101,17031030101,301.01,Census Tract 301.01,G5020,S,122359,115695,+41.9913475,-087.6550420,40880.0
17,031,160601,17031160601,1606.01,Census Tract 1606.01,G5020,S,397110,0,+41.9595316,-087.7021491,40870.0
17,031,210501,17031210501,2105.01,Census Tract 2105.01,G5020,S,313076,0,+41.9374013,-087.7223301,40060.0
17,031,210601,17031210601,2106.01,Census Tract 2106.01,G5020,S,273651,0,+41.9376356,-087.7122140,40060.0
17,031,836100,17031836100,8361,Census Tract 8361,G5020,S,860471,0,+41.7998052,-087.6186826,40130.0
17,031,835700,17031835700,8357,Census Tract 8357,G5020,S,190189,0,+41.8128443,-087.6275978,41230.0
17,031,839600,17031839600,8396,Census Tract 8396,G5020,S,326898,0,+41.8274411,-087.6192495,40300.0
17,031,840000,17031840000,8400,Census Tract 8400,G5020,S,591628,0,+41.8311662,-087.6382989,40190.0
17,031,835600,17031835600,8356,Census Tract 8356,G5020,S,917536,0,+41.8018352,-087.6322013,41170.0
17,031,831900,17031831900,8319,Census Tract 8319,G5020,S,324325,0,+41.9451690,-087.6687907,41310.0
17,031,830900,17031830900,8309,Census Tract 8309,G5020,S,1037680,0,+41.9286297,-087.6853728,40570.0
17,031,830700,17031830700,8307,Census Tract 8307,G5020,S,860948,7945,+41.9583016,-087.6606982,40540.0
17,031,830800,17031830800,8308,Census Tract 8308,G5020,S,336531,0,+41.9651413,-087.6765775,40090.0
17,031,830600,17031830600,8306,Census Tract 8306,G5020,S,661394,0,+42.0016980,-087.6735738,40100.0
17,031,813801,17031813801,8138.01,Census Tract 8138.01,G5020,S,842066,0,+41.8503424,-087.7434591,40420.0
17,031,301701,17031301701,3017.01,Census Tract 3017.01,G5020,S,330773,0,+41.8424805,-087.7196254,40150.0
17,031,835500,17031835500,8355,Census Tract 8355,G5020,S,914488,0,+41.8163539,-087.6325419,41230.0
17,031,839500,17031839500,8395,Census Tract 8395,G5020,S,262522,0,+41.8340974,-087.6192895,41120.0
17,031,839200,17031839200,8392,Census Tract 8392,G5020,S,650885,0,+41.8420107,-087.6220360,41120.0
17,031,840400,17031840400,8404,Census Tract 8404,G5020,S,982639,0,+41.8338479,-087.6676795,41060.0
17,031,840100,17031840100,8401,Census Tract 8401,G5020,S,335806,0,+41.8418680,-087.6392003,41130.0
17,031,841000,17031841000,8410,Census Tract 8410,G5020,S,1056583,296565,+41.8475875,-087.6102063,41690.0
17,031,770901,17031770901,7709.01,Census Tract 7709.01,G5020,S,1243605,0,+41.9705606,-087.8168677,40750.0
17,031,301802,17031301802,3018.02,Census Tract 3018.02,G5020,S,345011,0,+41.8451846,-087.7277592,40150.0
17,031,580502,17031580502,5805.02,Census Tract 5805.02,G5020,S,494416,0,+41.8145617,-087.6993102,41150.0
17,031,841400,17031841400,8414,Census Tract 8414,G5020,S,238638,0,+41.8533099,-087.7144107,40780.0
17,031,841700,17031841700,8417,Census Tract 8417,G5020,S,266796,0,+41.8531302,-087.7041818,41040.0
17,031,841600,17031841600,8416,Census Tract 8416,G5020,S,159367,0,+41.8553771,-087.7076032,41040.0
17,031,840700,17031840700,8407,Census Tract 8407,G5020,S,541526,0,+41.8529302,-087.6942665,40440.0
17,031,841300,17031841300,8413,Census Tract 8413,G5020,S,1341584,68766,+41.8439774,-087.6842025,40740.0
17,031,301801,17031301801,3018.01,Census Tract 3018.01,G5020,S,694638,0,+41.8416617,-087.7350492,40600.0
17,031,071400,17031071400,714,Census Tract 714,G5020,S,640574,683301,+41.9225714,-087.6295838,40800.0
17,031,071500,17031071500,715,Census Tract 715,G5020,S,895561,723065,+41.9142517,-087.6251017,40800.0
17,031,071600,17031071600,716,Census Tract 716,G5020,S,162135,0,+41.9164725,-087.6411828,40800.0
17,031,071700,17031071700,717,Census Tract 717,G5020,S,159947,0,+41.9128666,-087.6410718,40800.0
17,031,071800,17031071800,718,Census Tract 718,G5020,S,323368,0,+41.9145855,-087.6459660,40650.0
17,031,080100,17031080100,801,Census Tract 801,G5020,S,265778,0,+41.9075536,-087.6267898,40630.0
17,031,080300,17031080300,803,Census Tract 803,G5020,S,361488,0,+41.9074900,-087.6357986,40800.0
17,031,080400,17031080400,804,Census Tract 804,G5020,S,327343,0,+41.9074116,-087.6409021,40800.0
17,031,081000,17031081000,810,Census Tract 810,G5020,S,298827,0,+41.9002655,-087.6321089,40630.0
17,031,081100,17031081100,811,Census Tract 811,G5020,S,102350,0,+41.9002065,-087.6291090,41450.0
17,031,140500,17031140500,1405,Census Tract 1405,G5020,S,452820,0,+41.9653619,-087.7318319,41330.0
17,031,140800,17031140800,1408,Census Tract 1408,G5020,S,724394,0,+41.9644942,-087.7027751,40870.0
17,031,150200,17031150200,1502,Census Tract 1502,G5020,S,1326771,0,+41.9606747,-087.7524131,41330.0
17,031,150300,17031150300,1503,Census Tract 1503,G5020,S,1326521,0,+41.9605179,-087.7622859,41280.0
17,031,300800,17031300800,3008,Census Tract 3008,G5020,S,325846,0,+41.8481108,-087.7075818,41040.0
17,031,300900,17031300900,3009,Census Tract 3009,G5020,S,327299,0,+41.8481796,-087.7026993,41040.0
17,031,301100,17031301100,3011,Census Tract 3011,G5020,S,212135,0,+41.8470212,-087.6979662,40440.0
17,031,301200,17031301200,3012,Census Tract 3012,G5020,S,482206,0,+41.8484171,-087.6914771,40440.0
17,031,301600,17031301600,3016,Census Tract 3016,G5020,S,329517,0,+41.8407572,-087.7122520,40780.0
17,031,310200,17031310200,3102,Census Tract 3102,G5020,S,320480,0,+41.8563085,-087.6442092,41130.0
17,031,310300,17031310300,3103,Census Tract 3103,G5020,S,318221,0,+41.8561398,-087.6489804,41130.0
17,031,310400,17031310400,3104,Census Tract 3104,G5020,S,124463,0,+41.8565069,-087.6522613,41130.0
17,031,310500,17031310500,3105,Census Tract 3105,G5020,S,163307,0,+41.8552251,-087.6547525,41130.0
17,031,640100,17031640100,6401,Census Tract 6401,G5020,S,325921,0,+41.7820943,-087.7399954,40930.0
17,031,640800,17031640800,6408,Census Tract 6408,G5020,S,326705,0,+41.7748239,-087.7397418,40930.0
17,031,081300,17031081300,813,Census Tract 813,G5020,S,202656,0,+41.8983354,-087.6207531,41450.0
17,031,010100,17031010100,101,Census Tract 101,G5020,S,381061,0,+42.0212617,-087.6698442,40900.0
17,031,010300,17031010300,103,Census Tract 103,G5020,S,472017,0,+42.0159407,-087.6665351,41190.0
17,031,010400,17031010400,104,Census Tract 104,G5020,S,548754,602605,+42.0064028,-087.6571350,41300.0
17,031,010600,17031010600,106,Census Tract 106,G5020,S,494956,0,+42.0062784,-087.6676833,40100.0
17,031,020100,17031020100,201,Census Tract 201,G5020,S,411316,0,+42.0157197,-087.6871154,40900.0
17,031,150800,17031150800,1508,Census Tract 1508,G5020,S,661051,0,+41.9497086,-087.7521182,41330.0
17,031,160100,17031160100,1601,Census Tract 1601,G5020,S,593560,0,+41.9646284,-087.7427951,41330.0
17,031,160200,17031160200,1602,Census Tract 1602,G5020,S,957668,0,+41.9587909,-087.7384021,41330.0
17,031,160300,17031160300,1603,Census Tract 1603,G5020,S,426173,0,+41.9572682,-087.7308958,40550.0
17,031,160400,17031160400,1604,Census Tract 1604,G5020,S,657337,0,+41.9573657,-087.7228239,40550.0
17,031,310600,17031310600,3106,Census Tract 3106,G5020,S,543019,0,+41.8563348,-087.6595657,40830.0
17,031,310700,17031310700,3107,Census Tract 3107,G5020,S,160036,0,+41.8559903,-087.6649061,40830.0
17,031,310800,17031310800,3108,Census Tract 3108,G5020,S,332783,0,+41.8559337,-087.6685737,40830.0
17,031,310900,17031310900,3109,Census Tract 3109,G5020,S,484908,0,+41.8557716,-087.6746741,40210.0
17,031,320400,17031320400,3204,Census Tract 3204,G5020,S,806493,652778,+41.8758170,-087.6172556,40680.0
17,031,320600,17031320600,3206,Census Tract 3206,G5020,S,609103,549337,+41.8705542,-087.6165962,41400.0
17,031,650200,17031650200,6502,Census Tract 6502,G5020,S,990903,0,+41.7822224,-087.7302265,40930.0
17,031,660700,17031660700,6607,Census Tract 6607,G5020,S,480680,0,+41.7738452,-087.6810955,40290.0
17,031,815900,17031815900,8159,Census Tract 8159,G5020,S,662904,0,+41.8832376,-087.8097243,40020.0
17,031,816000,17031816000,8160,Census Tract 8160,G5020,S,1262890,0,+41.8763759,-087.8163473,40390.0
17,031,816100,17031816100,8161,Census Tract 8161,G5020,S,6116484,0,+41.8615643,-087.8183867,40390.0
17,031,221100,17031221100,2211,Census Tract 2211,G5020,S,440039,0,+41.9210205,-087.7103609,41020.0
17,031,221200,17031221200,2212,Census Tract 2212,G5020,S,330423,0,+41.9210831,-087.7046500,40570.0
17,031,221300,17031221300,2213,Census Tract 2213,G5020,S,330103,0,+41.9211256,-087.6997541,40570.0
17,031,221400,17031221400,2214,Census Tract 2214,G5020,S,355032,0,+41.9208013,-087.6945320,40570.0
17,031,221500,17031221500,2215,Census Tract 2215,G5020,S,304903,0,+41.9216468,-087.6899513,40570.0
17,031,221600,17031221600,2216,Census Tract 2216,G5020,S,327911,0,+41.9212499,-087.6850967,40670.0
17,031,160700,17031160700,1607,Census Tract 1607,G5020,S,794348,0,+41.9504190,-087.7019833,41240.0
17,031,160800,17031160800,1608,Census Tract 1608,G5020,S,657623,0,+41.9502131,-087.7128146,41240.0
17,031,160900,17031160900,1609,Census Tract 1609,G5020,S,657737,0,+41.9500821,-087.7226082,41240.0
17,031,161000,17031161000,1610,Census Tract 1610,G5020,S,426504,0,+41.9499766,-087.7306829,40550.0
17,031,161100,17031161100,1611,Census Tract 1611,G5020,S,576345,0,+41.9498771,-087.7381512,40550.0
17,031,161200,17031161200,1612,Census Tract 1612,G5020,S,517849,0,+41.9425489,-087.7385701,40550.0
17,031,161300,17031161300,1613,Census Tract 1613,G5020,S,497599,0,+41.9426994,-087.7310023,41240.0
17,031,330100,17031330100,3301,Census Tract 3301,G5020,S,2793980,828956,+41.8593528,-087.6154702,41690.0
17,031,330200,17031330200,3302,Census Tract 3302,G5020,S,790507,0,+41.8613412,-087.6305354,41400.0
17,031,340300,17031340300,3403,Census Tract 3403,G5020,S,213694,0,+41.8428085,-087.6357910,41130.0
17,031,340400,17031340400,3404,Census Tract 3404,G5020,S,290257,0,+41.8418850,-087.6320352,40190.0
17,031,340500,17031340500,3405,Census Tract 3405,G5020,S,435449,0,+41.8345181,-087.6329169,40190.0
17,031,340600,17031340600,3406,Census Tract 3406,G5020,S,472399,0,+41.8274177,-087.6325398,40190.0
17,031,350400,17031350400,3504,Census Tract 3504,G5020,S,201455,0,+41.8419291,-087.6283695,41120.0
17,031,420600,17031420600,4206,Census Tract 4206,G5020,S,243609,0,+41.7830135,-087.6132777,41140.0
17,031,420700,17031420700,4207,Census Tract 4207,G5020,S,650530,0,+41.7766914,-087.6106933,41140.0
17,031,420800,17031420800,4208,Census Tract 4208,G5020,S,347604,0,+41.7769097,-087.6032569,40720.0
17,031,421200,17031421200,4212,Census Tract 4212,G5020,S,328222,0,+41.7706569,-087.6089660,40720.0
17,031,670100,17031670100,6701,Census Tract 6701,G5020,S,326893,0,+41.7904937,-087.6572084,40290.0
17,031,670200,17031670200,6702,Census Tract 6702,G5020,S,326541,0,+41.7904247,-087.6620626,40290.0
17,031,670300,17031670300,6703,Census Tract 6703,G5020,S,326332,0,+41.7903576,-087.6669167,40290.0
17,031,670400,17031670400,6704,Census Tract 6704,G5020,S,326418,0,+41.7902996,-087.6717698,40290.0
17,031,222200,17031222200,2222,Census Tract 2222,G5020,S,231073,0,+41.9159095,-087.6838262,40670.0
17,031,222500,17031222500,2225,Census Tract 2225,G5020,S,158414,0,+41.9157075,-087.6995964,40570.0
17,031,222600,17031222600,2226,Census Tract 2226,G5020,S,160603,0,+41.9156388,-087.7044797,40570.0
17,031,222700,17031222700,2227,Census Tract 2227,G5020,S,226174,0,+41.9154908,-087.7101914,40570.0
17,031,230100,17031230100,2301,Census Tract 2301,G5020,S,164480,0,+41.9120286,-087.7043681,40570.0
17,031,230200,17031230200,2302,Census Tract 2302,G5020,S,210188,0,+41.9118821,-087.7100949,40570.0
17,031,351400,17031351400,3514,Census Tract 3514,G5020,S,323709,0,+41.8274004,-087.6240890,41120.0
17,031,351500,17031351500,3515,Census Tract 3515,G5020,S,168880,0,+41.8272742,-087.6277462,40190.0
17,031,380500,17031380500,3805,Census Tract 3805,G5020,S,191451,0,+41.8200988,-087.6277942,40300.0
17,031,380700,17031380700,3807,Census Tract 3807,G5020,S,244481,0,+41.8138060,-087.6237680,41270.0
17,031,381200,17031381200,3812,Census Tract 3812,G5020,S,258554,0,+41.8085114,-087.6139992,41080.0
17,031,381400,17031381400,3814,Census Tract 3814,G5020,S,316691,0,+41.8076202,-087.6214298,41080.0
17,031,381500,17031381500,3815,Census Tract 3815,G5020,S,108677,0,+41.8101927,-087.6228619,41080.0
17,031,381700,17031381700,3817,Census Tract 3817,G5020,S,196803,0,+41.8055502,-087.6274463,41230.0
17,031,381800,17031381800,3818,Census Tract 3818,G5020,S,319368,0,+41.8038481,-087.6211978,40130.0
17,031,381900,17031381900,3819,Census Tract 3819,G5020,S,172690,0,+41.8039557,-087.6138885,40130.0
17,031,670500,17031670500,6705,Census Tract 6705,G5020,S,622492,0,+41.7865780,-087.6764044,40290.0
17,031,670600,17031670600,6706,Census Tract 6706,G5020,S,327032,0,+41.7830054,-087.6715772,40290.0
17,031,670700,17031670700,6707,Census Tract 6707,G5020,S,326730,0,+41.7830686,-087.6667315,40290.0
17,031,670800,17031670800,6708,Census Tract 6708,G5020,S,326299,0,+41.7831442,-087.6618790,40290.0
17,031,670900,17031670900,6709,Census Tract 6709,G5020,S,326291,0,+41.7832124,-087.6570220,40290.0
17,031,671100,17031671100,6711,Census Tract 6711,G5020,S,245617,0,+41.7767815,-087.6617118,40290.0
17,031,671200,17031671200,6712,Census Tract 6712,G5020,S,244922,0,+41.7766993,-087.6665823,40290.0
17,031,671300,17031671300,6713,Census Tract 6713,G5020,S,484665,0,+41.7739015,-087.6713493,40290.0
17,031,671400,17031671400,6714,Census Tract 6714,G5020,S,495627,0,+41.7737921,-087.6762289,40290.0
17,031,671500,17031671500,6715,Census Tract 6715,G5020,S,741162,0,+41.7681721,-087.6696322,40290.0
17,031,671600,17031671600,6716,Census Tract 6716,G5020,S,407247,0,+41.7694998,-087.6615118,40290.0
17,031,231200,17031231200,2312,Census Tract 2312,G5020,S,656673,0,+41.8990614,-087.7213153,40030.0
17,031,390300,17031390300,3903,Census Tract 3903,G5020,S,327049,0,+41.8132006,-087.6042089,41270.0
17,031,390400,17031390400,3904,Census Tract 3904,G5020,S,326308,0,+41.8059243,-087.6040582,40130.0
17,031,400300,17031400300,4003,Census Tract 4003,G5020,S,1324154,140288,+41.7897177,-087.6114372,40510.0
17,031,400400,17031400400,4004,Census Tract 4004,G5020,S,326944,0,+41.7911261,-087.6183211,40510.0
17,031,400500,17031400500,4005,Census Tract 4005,G5020,S,326148,0,+41.7910414,-087.6231791,40510.0
17,031,400800,17031400800,4008,Census Tract 4008,G5020,S,493311,0,+41.7828633,-087.6205580,41140.0
17,031,440300,17031440300,4403,Census Tract 4403,G5020,S,1291887,0,+41.7437379,-087.6195319,40240.0
17,031,440600,17031440600,4406,Census Tract 4406,G5020,S,669816,0,+41.7326909,-087.6191603,41430.0
17,031,440700,17031440700,4407,Census Tract 4407,G5020,S,327461,0,+41.7347514,-087.6096294,41430.0
17,031,440900,17031440900,4409,Census Tract 4409,G5020,S,742631,0,+41.7286690,-087.6090057,40450.0
17,031,680500,17031680500,6805,Census Tract 6805,G5020,S,326857,0,+41.7905639,-087.6523524,40940.0
17,031,680600,17031680600,6806,Census Tract 6806,G5020,S,326466,0,+41.7832811,-087.6521652,40940.0
17,031,680900,17031680900,6809,Census Tract 6809,G5020,S,1033026,0,+41.7764282,-087.6376321,40940.0
17,031,681000,17031681000,6810,Census Tract 6810,G5020,S,651695,0,+41.7760394,-087.6495526,40940.0
17,031,681100,17031681100,6811,Census Tract 6811,G5020,S,652440,0,+41.7687665,-087.6493596,40940.0
17,031,240200,17031240200,2402,Census Tract 2402,G5020,S,166087,0,+41.9124417,-087.6701816,40590.0
17,031,240300,17031240300,2403,Census Tract 2403,G5020,S,166590,0,+41.9123662,-087.6750713,40590.0
17,031,240500,17031240500,2405,Census Tract 2405,G5020,S,233372,0,+41.9119700,-087.6836365,40670.0
17,031,240600,17031240600,2406,Census Tract 2406,G5020,S,162940,0,+41.9121613,-087.6897092,40670.0
17,031,240700,17031240700,2407,Census Tract 2407,G5020,S,163220,0,+41.9121172,-087.6945994,40670.0
17,031,240800,17031240800,2408,Census Tract 2408,G5020,S,165946,0,+41.9121057,-087.6994822,40670.0
17,031,241000,17031241000,2410,Census Tract 2410,G5020,S,210167,0,+41.9079978,-087.6945344,40670.0
17,031,241100,17031241100,2411,Census Tract 2411,G5020,S,333255,0,+41.9066672,-087.6895820,40590.0
17,031,410500,17031410500,4105,Census Tract 4105,G5020,S,262840,0,+41.7978272,-087.6037464,40510.0
17,031,411200,17031411200,4112,Census Tract 4112,G5020,S,402445,0,+41.7905557,-087.5940172,40720.0
17,031,681200,17031681200,6812,Census Tract 6812,G5020,S,794733,0,+41.7691893,-087.6384976,40990.0
17,031,681300,17031681300,6813,Census Tract 6813,G5020,S,721329,0,+41.7611733,-087.6398622,40990.0
17,031,690300,17031690300,6903,Census Tract 6903,G5020,S,512064,0,+41.7686690,-087.6290141,40990.0
17,031,690400,17031690400,6904,Census Tract 6904,G5020,S,651657,0,+41.7692585,-087.6202084,40990.0
17,031,690500,17031690500,6905,Census Tract 6905,G5020,S,320686,0,+41.7681656,-087.6121085,40990.0
17,031,690900,17031690900,6909,Census Tract 6909,G5020,S,655462,0,+41.7621423,-087.6103448,40990.0
17,031,241200,17031241200,2412,Census Tract 2412,G5020,S,328119,0,+41.9067070,-087.6846858,40590.0
17,031,241300,17031241300,2413,Census Tract 2413,G5020,S,164083,0,+41.9067715,-087.6810250,40590.0
17,031,241400,17031241400,2414,Census Tract 2414,G5020,S,517655,0,+41.9060234,-087.6753102,40590.0
17,031,241500,17031241500,2415,Census Tract 2415,G5020,S,302870,0,+41.9083759,-087.6709374,40590.0
17,031,241600,17031241600,2416,Census Tract 2416,G5020,S,293931,0,+41.9067097,-087.6653277,40320.0
17,031,242000,17031242000,2420,Census Tract 2420,G5020,S,326756,0,+41.8997371,-087.6649537,40320.0
17,031,242100,17031242100,2421,Census Tract 2421,G5020,S,327979,0,+41.8996698,-087.6698375,40320.0
17,031,242200,17031242200,2422,Census Tract 2422,G5020,S,326988,0,+41.8995893,-087.6747188,40320.0
17,031,210100,17031210100,2101,Census Tract 2101,G5020,S,854099,0,+41.9428681,-087.7013309,40060.0
17,031,210400,17031210400,2104,Census Tract 2104,G5020,S,419633,0,+41.9357581,-087.7302981,40060.0
17,031,210700,17031210700,2107,Census Tract 2107,G5020,S,497301,0,+41.9357029,-087.7038401,40060.0
17,031,210800,17031210800,2108,Census Tract 2108,G5020,S,162930,0,+41.9357455,-087.6989334,41020.0
17,031,210900,17031210900,2109,Census Tract 2109,G5020,S,570569,0,+41.9354390,-087.6933366,41020.0
17,031,220300,17031220300,2203,Census Tract 2203,G5020,S,326091,0,+41.9284646,-087.6950863,40570.0
17,031,420200,17031420200,4202,Census Tract 4202,G5020,S,278188,0,+41.7834582,-087.5935160,40720.0
17,031,420300,17031420300,4203,Census Tract 4203,G5020,S,245119,0,+41.7832241,-087.5986970,40720.0
17,031,420400,17031420400,4204,Census Tract 4204,G5020,S,245127,0,+41.7831699,-087.6035584,40720.0
17,031,420500,17031420500,4205,Census Tract 4205,G5020,S,245980,0,+41.7831002,-087.6084261,40720.0
17,031,809600,17031809600,8096,Census Tract 8096,G5020,S,1300137,0,+42.0447451,-087.6999044,40050.0
17,031,809800,17031809800,8098,Census Tract 8098,G5020,S,597774,0,+42.0375290,-087.6854990,40690.0
17,031,809900,17031809900,8099,Census Tract 8099,G5020,S,765553,0,+42.0376185,-087.6752631,40270.0
17,031,691000,17031691000,6910,Census Tract 6910,G5020,S,648682,0,+41.7619654,-087.6200151,40990.0
17,031,691100,17031691100,6911,Census Tract 6911,G5020,S,675736,0,+41.7617135,-087.6298721,40990.0
17,031,691200,17031691200,6912,Census Tract 6912,G5020,S,1002990,10735,+41.7526208,-087.6304113,40240.0
17,031,691300,17031691300,6913,Census Tract 6913,G5020,S,647447,0,+41.7546811,-087.6198472,40240.0
17,031,691400,17031691400,6914,Census Tract 6914,G5020,S,656683,0,+41.7548455,-087.6101685,40240.0
17,031,242300,17031242300,2423,Census Tract 2423,G5020,S,328316,0,+41.8995065,-087.6796003,40590.0
17,031,242400,17031242400,2424,Census Tract 2424,G5020,S,328052,0,+41.8994219,-087.6844900,40590.0
17,031,242500,17031242500,2425,Census Tract 2425,G5020,S,309814,0,+41.8994455,-087.6893191,40590.0
17,031,242700,17031242700,2427,Census Tract 2427,G5020,S,175573,0,+41.8974254,-087.6993743,41360.0
17,031,242800,17031242800,2428,Census Tract 2428,G5020,S,439630,0,+41.8926320,-087.6903237,41360.0
17,031,242900,17031242900,2429,Census Tract 2429,G5020,S,323820,0,+41.8921955,-087.6842896,41710.0
17,031,243000,17031243000,2430,Census Tract 2430,G5020,S,324551,0,+41.8922753,-087.6793981,41710.0
17,031,220400,17031220400,2204,Census Tract 2204,G5020,S,329546,0,+41.9284315,-087.6999684,41020.0
17,031,220500,17031220500,2205,Census Tract 2205,G5020,S,334925,0,+41.9283965,-087.7049111,41020.0
17,031,221000,17031221000,2210,Census Tract 2210,G5020,S,220053,0,+41.9209604,-087.7152526,41020.0
17,031,810000,17031810000,8100,Census Tract 8100,G5020,S,1108649,1422820,+42.0247699,-087.6691185,40900.0
17,031,810100,17031810100,8101,Census Tract 8101,G5020,S,723780,0,+42.0302060,-087.6846291,40270.0
17,031,810200,17031810200,8102,Census Tract 8102,G5020,S,883785,0,+42.0228225,-087.6833407,40840.0
17,031,810302,17031810302,8103.02,Census Tract 8103.02,G5020,S,781826,0,+42.0294129,-087.6947173,40270.0
17,031,810400,17031810400,8104,Census Tract 8104,G5020,S,2319076,0,+41.9875741,-087.8294381,40230.0
17,031,490300,17031490300,4903,Census Tract 4903,G5020,S,632636,0,+41.7253816,-087.6191477,40450.0
17,031,490400,17031490400,4904,Census Tract 4904,G5020,S,237760,0,+41.7236539,-087.6108237,40450.0
17,031,490500,17031490500,4905,Census Tract 4905,G5020,S,1425940,0,+41.7179276,-087.6132067,40450.0
17,031,490600,17031490600,4906,Census Tract 4906,G5020,S,679065,0,+41.7179514,-087.6283324,40450.0
17,031,490700,17031490700,4907,Census Tract 4907,G5020,S,640220,0,+41.7107319,-087.6283648,40450.0
17,031,490800,17031490800,4908,Census Tract 4908,G5020,S,1079255,0,+41.7106828,-087.6153371,40450.0
17,031,710100,17031710100,7101,Census Tract 7101,G5020,S,215116,0,+41.7533918,-087.6419713,40240.0
17,031,243100,17031243100,2431,Census Tract 2431,G5020,S,324004,0,+41.8923546,-087.6745068,41710.0
17,031,243200,17031243200,2432,Census Tract 2432,G5020,S,323849,0,+41.8924327,-087.6696238,40170.0
17,031,243300,17031243300,2433,Census Tract 2433,G5020,S,327092,0,+41.8924781,-087.6647388,40170.0
17,031,243400,17031243400,2434,Census Tract 2434,G5020,S,329184,0,+41.8925577,-087.6598479,41410.0
17,031,243500,17031243500,2435,Census Tract 2435,G5020,S,657216,0,+41.8926536,-087.6525172,40490.0
17,031,805702,17031805702,8057.02,Census Tract 8057.02,G5020,S,1676146,0,+41.9920564,-087.8468300,40230.0
17,031,710900,17031710900,7109,Census Tract 7109,G5020,S,990854,0,+41.7421467,-087.6396899,41430.0
17,031,010202,17031010202,102.02,Census Tract 102.02,G5020,S,351716,0,+42.0160503,-087.6733216,40900.0
17,031,061902,17031061902,619.02,Census Tract 619.02,G5020,S,276101,585774,+41.9431822,-087.6358414,41420.0
17,031,030200,17031030200,302,Census Tract 302,G5020,S,666199,0,+41.9944414,-087.6652300,40760.0
17,031,030300,17031030300,303,Census Tract 303,G5020,S,314151,0,+41.9943875,-087.6725348,40760.0
17,031,030400,17031030400,304,Census Tract 304,G5020,S,346489,0,+41.9869515,-087.6720788,40880.0
17,031,030500,17031030500,305,Census Tract 305,G5020,S,618134,0,+41.9872260,-087.6649359,40880.0
17,031,030800,17031030800,308,Census Tract 308,G5020,S,567414,0,+41.9799123,-087.6641880,40340.0
17,031,030900,17031030900,309,Census Tract 309,G5020,S,408716,0,+41.9797951,-087.6714454,40340.0
17,031,801200,17031801200,8012,Census Tract 8012,G5020,S,1944857,3492923,+42.0798161,-087.6867858,41050.0
17,031,801300,17031801300,8013,Census Tract 8013,G5020,S,1875951,0,+42.0741052,-087.6970257,41050.0
17,031,560400,17031560400,5604,Census Tract 5604,G5020,S,334560,0,+41.8040085,-087.7405768,40960.0
17,031,711500,17031711500,7115,Census Tract 7115,G5020,S,649393,0,+41.7324406,-087.6386881,41430.0
17,031,730100,17031730100,7301,Census Tract 7301,G5020,S,660213,0,+41.7251771,-087.6384256,40450.0
17,031,031000,17031031000,310,Census Tract 310,G5020,S,424895,0,+41.9724370,-087.6711094,40090.0
17,031,031100,17031031100,311,Census Tract 311,G5020,S,549966,0,+41.9726684,-087.6638662,41200.0
17,031,031200,17031031200,312,Census Tract 312,G5020,S,326474,0,+41.9727092,-087.6573410,41200.0
17,031,031300,17031031300,313,Census Tract 313,G5020,S,632174,466785,+41.9737631,-087.6465284,41200.0
17,031,031400,17031031400,314,Census Tract 314,G5020,S,1489276,1040213,+41.9594315,-087.6417542,40540.0
17,031,031700,17031031700,317,Census Tract 317,G5020,S,477478,0,+41.9654466,-087.6631954,40540.0
17,031,031800,17031031800,318,Census Tract 318,G5020,S,235150,0,+41.9670114,-087.6706209,40090.0
17,031,031900,17031031900,319,Census Tract 319,G5020,S,257670,0,+41.9633740,-087.6701841,41500.0
17,031,032100,17031032100,321,Census Tract 321,G5020,S,431028,0,+41.9581538,-087.6530179,40080.0
17,031,251000,17031251000,2510,Census Tract 2510,G5020,S,466957,0,+41.8986945,-087.7448924,40480.0
17,031,280400,17031280400,2804,Census Tract 2804,G5020,S,502204,0,+41.8860096,-087.6718845,40170.0
17,031,320100,17031320100,3201,Census Tract 3201,G5020,S,910356,0,+41.8850465,-087.6209322,41700.0
17,031,351100,17031351100,3511,Census Tract 3511,G5020,S,346344,0,+41.8277468,-087.6141998,40300.0
17,031,360200,17031360200,3602,Census Tract 3602,G5020,S,231661,0,+41.8268757,-087.6099052,40300.0
17,031,380100,17031380100,3801,Census Tract 3801,G5020,S,437445,0,+41.8201967,-087.6101005,41270.0
17,031,806802,17031806802,8068.02,Census Tract 8068.02,G5020,S,964595,0,+42.0443774,-087.7397696,40140.0
17,031,807000,17031807000,8070,Census Tract 8070,G5020,S,1135602,0,+42.0444492,-087.7555401,40140.0
17,031,231500,17031231500,2315,Census Tract 2315,G5020,S,1000736,0,+41.8917318,-087.7186559,41670.0
17,031,251100,17031251100,2511,Census Tract 2511,G5020,S,496455,0,+41.8986248,-087.7520112,40700.0
17,031,251200,17031251200,2512,Census Tract 2512,G5020,S,662291,0,+41.8985491,-087.7606040,40280.0
17,031,730500,17031730500,7305,Census Tract 7305,G5020,S,1313922,0,+41.7142493,-087.6381386,40450.0
17,031,040300,17031040300,403,Census Tract 403,G5020,S,767450,0,+41.9768011,-087.7019748,40870.0
17,031,040600,17031040600,406,Census Tract 406,G5020,S,331258,0,+41.9668338,-087.6840181,41480.0
17,031,040700,17031040700,407,Census Tract 407,G5020,S,358082,0,+41.9668057,-087.6940853,41010.0
17,031,040800,17031040800,408,Census Tract 408,G5020,S,230027,0,+41.9631627,-087.6923034,41010.0
17,031,040900,17031040900,409,Census Tract 409,G5020,S,321854,0,+41.9631847,-087.6838544,41480.0
17,031,050100,17031050100,501,Census Tract 501,G5020,S,334634,0,+41.9578451,-087.6763730,41460.0
17,031,050200,17031050200,502,Census Tract 502,G5020,S,652253,0,+41.9577405,-087.6837168,41460.0
17,031,050300,17031050300,503,Census Tract 503,G5020,S,394731,0,+41.9576780,-087.6915186,41010.0
17,031,380200,17031380200,3802,Census Tract 3802,G5020,S,215128,0,+41.8205740,-087.6149861,40300.0
17,031,980000,17031980000,9800,Census Tract 9800,G5020,S,19680343,360284,+41.9794881,-087.9024050,40890.0
17,031,770700,17031770700,7707,Census Tract 7707,G5020,S,4677069,0,+41.9854342,-087.8694192,40820.0
17,031,081500,17031081500,815,Census Tract 815,G5020,S,295437,0,+41.8925590,-087.6262300,40330.0
17,031,081600,17031081600,816,Census Tract 816,G5020,S,132807,0,+41.8921063,-087.6288737,40330.0
17,031,081700,17031081700,817,Census Tract 817,G5020,S,371566,0,+41.8920668,-087.6318681,40330.0
17,031,807300,17031807300,8073,Census Tract 8073,G5020,S,2037396,0,+42.0337614,-087.7549133,40140.0
17,031,807400,17031807400,8074,Census Tract 8074,G5020,S,1396763,0,+42.0281935,-087.7398439,41680.0
17,031,807700,17031807700,8077,Census Tract 8077,G5020,S,1697135,0,+42.0207637,-087.7542194,41680.0
17,031,251300,17031251300,2513,Census Tract 2513,G5020,S,653465,0,+41.8984251,-087.7703849,41260.0
17,031,251400,17031251400,2514,Census Tract 2514,G5020,S,680676,0,+41.8909981,-087.7701296,41260.0
17,031,251500,17031251500,2515,Census Tract 2515,G5020,S,682473,0,+41.8911117,-087.7603455,40280.0
17,031,251600,17031251600,2516,Census Tract 2516,G5020,S,480785,0,+41.8914065,-087.7518037,40700.0
17,031,251700,17031251700,2517,Census Tract 2517,G5020,S,486655,0,+41.8913844,-087.7444793,40480.0
17,031,251800,17031251800,2518,Census Tract 2518,G5020,S,997743,0,+41.8841436,-087.7478885,40480.0
17,031,251900,17031251900,2519,Census Tract 2519,G5020,S,633902,0,+41.8838195,-087.7601040,40700.0
17,031,570300,17031570300,5703,Census Tract 5703,G5020,S,980170,0,+41.8041449,-087.7307909,40960.0
17,031,570400,17031570400,5704,Census Tract 5704,G5020,S,463390,0,+41.8049921,-087.7191305,40960.0
17,031,570500,17031570500,5705,Census Tract 5705,G5020,S,423602,0,+41.7986015,-087.7324553,40960.0
17,031,580100,17031580100,5801,Census Tract 5801,G5020,S,763546,0,+41.8280541,-087.6907450,40120.0
17,031,580200,17031580200,5802,Census Tract 5802,G5020,S,729816,0,+41.8267718,-087.6993478,40120.0
17,031,580400,17031580400,5804,Census Tract 5804,G5020,S,1316120,0,+41.8152753,-087.7091844,41150.0
17,031,580600,17031580600,5806,Census Tract 5806,G5020,S,492790,0,+41.8173978,-087.6920314,40310.0
17,031,812000,17031812000,8120,Census Tract 8120,G5020,S,2839359,4794,+41.8875807,-087.8201224,40020.0
17,031,812400,17031812400,8124,Census Tract 8124,G5020,S,1389045,0,+41.8957739,-087.7911158,41350.0
17,031,050500,17031050500,505,Census Tract 505,G5020,S,652578,0,+41.9504474,-087.6835073,41440.0
17,031,050600,17031050600,506,Census Tract 506,G5020,S,332459,0,+41.9505466,-087.6761813,41440.0
17,031,050700,17031050700,507,Census Tract 507,G5020,S,164328,0,+41.9450710,-087.6760595,41440.0
17,031,050800,17031050800,508,Census Tract 508,G5020,S,162818,0,+41.9450095,-087.6809279,41440.0
17,031,050900,17031050900,509,Census Tract 509,G5020,S,162724,0,+41.9449466,-087.6857780,41440.0
17,031,051000,17031051000,510,Census Tract 510,G5020,S,166637,0,+41.9413024,-087.6857317,41440.0
17,031,051100,17031051100,511,Census Tract 511,G5020,S,162702,0,+41.9413652,-087.6808266,41440.0
17,031,051200,17031051200,512,Census Tract 512,G5020,S,164664,0,+41.9414211,-087.6759518,41310.0
17,031,051300,17031051300,513,Census Tract 513,G5020,S,321993,0,+41.9359958,-087.6758404,41310.0
17,031,051400,17031051400,514,Census Tract 514,G5020,S,358887,0,+41.9357489,-087.6809905,41310.0
17,031,060100,17031060100,601,Census Tract 601,G5020,S,325546,0,+41.9575311,-087.6666112,41460.0
17,031,060200,17031060200,602,Census Tract 602,G5020,S,318279,0,+41.9579036,-087.6715175,41460.0
17,031,081800,17031081800,818,Census Tract 818,G5020,S,746627,0,+41.8932554,-087.6377955,40710.0
17,031,081900,17031081900,819,Census Tract 819,G5020,S,137749,0,+41.8979832,-087.6414914,40710.0
17,031,252000,17031252000,2520,Census Tract 2520,G5020,S,636149,0,+41.8836935,-087.7698734,41260.0
17,031,260100,17031260100,2601,Census Tract 2601,G5020,S,324422,0,+41.8843593,-087.7233345,40030.0
17,031,260200,17031260200,2602,Census Tract 2602,G5020,S,328334,0,+41.8843251,-087.7282293,40030.0
17,031,260300,17031260300,2603,Census Tract 2603,G5020,S,329304,0,+41.8842758,-087.7331353,40030.0
17,031,260400,17031260400,2604,Census Tract 2604,G5020,S,328226,0,+41.8842145,-087.7380411,40480.0
17,031,260500,17031260500,2605,Census Tract 2605,G5020,S,337548,0,+41.8766639,-087.7377282,40970.0
17,031,260600,17031260600,2606,Census Tract 2606,G5020,S,318887,0,+41.8771077,-087.7328666,40920.0
17,031,580700,17031580700,5807,Census Tract 5807,G5020,S,549606,0,+41.8174881,-087.6868470,40120.0
17,031,580800,17031580800,5808,Census Tract 5808,G5020,S,183275,0,+41.8102195,-087.6866439,40310.0
17,031,590500,17031590500,5905,Census Tract 5905,G5020,S,572157,24222,+41.8248951,-087.6804852,40120.0
17,031,590600,17031590600,5906,Census Tract 5906,G5020,S,348145,0,+41.8268328,-087.6729254,40120.0
17,031,590700,17031590700,5907,Census Tract 5907,G5020,S,869702,0,+41.8267821,-087.6638518,41060.0
17,031,600400,17031600400,6004,Census Tract 6004,G5020,S,327223,0,+41.8417184,-087.6439321,41130.0
17,031,600600,17031600600,6006,Census Tract 6006,G5020,S,394135,0,+41.8422594,-087.6554677,41130.0
17,031,600700,17031600700,6007,Census Tract 6007,G5020,S,465210,0,+41.8406926,-087.6606293,41060.0
17,031,812500,17031812500,8125,Census Tract 8125,G5020,S,963641,0,+41.8913783,-087.7806992,40610.0
17,031,812600,17031812600,8126,Census Tract 8126,G5020,S,629168,0,+41.8835489,-087.7796662,40610.0
17,031,812700,17031812700,8127,Census Tract 8127,G5020,S,638489,0,+41.8833959,-087.7894736,41350.0
17,031,812900,17031812900,8129,Census Tract 8129,G5020,S,1117797,0,+41.8763240,-087.7953109,40180.0
17,031,813000,17031813000,8130,Census Tract 8130,G5020,S,833038,0,+41.8763621,-087.7806602,40010.0
17,031,813100,17031813100,8131,Census Tract 8131,G5020,S,992937,0,+41.8690084,-087.7816177,40010.0
17,031,060300,17031060300,603,Census Tract 603,G5020,S,319702,0,+41.9506061,-087.6713317,41440.0
17,031,060400,17031060400,604,Census Tract 604,G5020,S,325028,0,+41.9506732,-087.6665364,41440.0
17,031,060500,17031060500,605,Census Tract 605,G5020,S,228281,0,+41.9527200,-087.6605008,40080.0
17,031,060800,17031060800,608,Census Tract 608,G5020,S,181491,65882,+41.9539590,-087.6426489,40080.0
17,031,060900,17031060900,609,Census Tract 609,G5020,S,499066,404435,+41.9515166,-087.6417784,41420.0
17,031,061000,17031061000,610,Census Tract 610,G5020,S,172815,0,+41.9492206,-087.6519703,41420.0
17,031,061100,17031061100,611,Census Tract 611,G5020,S,173037,0,+41.9491397,-087.6568035,41420.0
17,031,061200,17031061200,612,Census Tract 612,G5020,S,174670,0,+41.9490599,-087.6616427,40360.0
17,031,061500,17031061500,615,Census Tract 615,G5020,S,162913,0,+41.9452818,-087.6615447,40360.0
17,031,061800,17031061800,618,Census Tract 618,G5020,S,82842,0,+41.9464895,-087.6471132,41420.0
17,031,062000,17031062000,620,Census Tract 620,G5020,S,224978,0,+41.9425769,-087.6470786,41320.0
17,031,062100,17031062100,621,Census Tract 621,G5020,S,244805,0,+41.9426914,-087.6517704,41320.0
17,031,100300,17031100300,1003,Census Tract 1003,G5020,S,2286756,0,+41.9887029,-087.8044054,40750.0
17,031,100400,17031100400,1004,Census Tract 1004,G5020,S,971273,0,+41.9889674,-087.8180418,40750.0
17,031,100500,17031100500,1005,Census Tract 1005,G5020,S,1957724,0,+41.9780601,-087.8197323,40750.0
17,031,100600,17031100600,1006,Census Tract 1006,G5020,S,1282265,0,+41.9792045,-087.7973996,40750.0
17,031,100700,17031100700,1007,Census Tract 1007,G5020,S,1215253,0,+41.9721235,-087.7976295,40750.0
17,031,110200,17031110200,1102,Census Tract 1102,G5020,S,596251,0,+41.9800699,-087.7734442,41280.0
17,031,808302,17031808302,8083.02,Census Tract 8083.02,G5020,S,1390594,0,+42.0322809,-087.7667893,40140.0
17,031,808702,17031808702,8087.02,Census Tract 8087.02,G5020,S,940578,784592,+42.0580934,-087.6722634,40520.0
17,031,808800,17031808800,8088,Census Tract 8088,G5020,S,1932186,726768,+42.0655228,-087.6819433,41250.0
17,031,260700,17031260700,2607,Census Tract 2607,G5020,S,329144,0,+41.8770564,-087.7279958,40920.0
17,031,260800,17031260800,2608,Census Tract 2608,G5020,S,328946,0,+41.8770848,-087.7230964,40920.0
17,031,260900,17031260900,2609,Census Tract 2609,G5020,S,228196,0,+41.8710297,-087.7228141,40920.0
17,031,261000,17031261000,2610,Census Tract 2610,G5020,S,499036,0,+41.8713379,-087.7320094,40920.0
17,031,270500,17031270500,2705,Census Tract 2705,G5020,S,562049,0,+41.8762323,-087.7177928,40920.0
17,031,271200,17031271200,2712,Census Tract 2712,G5020,S,329809,0,+41.8773597,-087.7035621,40250.0
17,031,600900,17031600900,6009,Census Tract 6009,G5020,S,383218,0,+41.8365101,-087.6531588,41060.0
17,031,610300,17031610300,6103,Census Tract 6103,G5020,S,2383592,0,+41.8161777,-087.6751021,40310.0
17,031,610400,17031610400,6104,Census Tract 6104,G5020,S,163180,0,+41.8103984,-087.6674491,40310.0
17,031,610800,17031610800,6108,Census Tract 6108,G5020,S,331962,0,+41.8127078,-087.6384084,41230.0
17,031,611300,17031611300,6113,Census Tract 6113,G5020,S,327029,0,+41.8049362,-087.6673039,40310.0
17,031,611400,17031611400,6114,Census Tract 6114,G5020,S,326297,0,+41.8048900,-087.6721636,40310.0
17,031,813200,17031813200,8132,Census Tract 8132,G5020,S,1116029,0,+41.8690623,-087.7969698,40180.0
17,031,813400,17031813400,8134,Census Tract 8134,G5020,S,1110013,0,+41.8609814,-087.7666419,40580.0
17,031,813500,17031813500,8135,Census Tract 8135,G5020,S,824010,0,+41.8581575,-087.7757685,40010.0
17,031,813600,17031813600,8136,Census Tract 8136,G5020,S,701622,0,+41.8540567,-087.7648557,40580.0
17,031,813900,17031813900,8139,Census Tract 8139,G5020,S,687079,0,+41.8465014,-087.7684914,40580.0
17,031,814100,17031814100,8141,Census Tract 8141,G5020,S,1300117,0,+41.8422803,-087.7630429,40580.0
17,031,062200,17031062200,622,Census Tract 622,G5020,S,242322,0,+41.9425847,-087.6566440,41320.0
17,031,062300,17031062300,623,Census Tract 623,G5020,S,163311,0,+41.9416278,-087.6614432,40360.0
17,031,062400,17031062400,624,Census Tract 624,G5020,S,162936,0,+41.9415556,-087.6662882,40360.0
17,031,062500,17031062500,625,Census Tract 625,G5020,S,161003,0,+41.9414880,-087.6711073,41310.0
17,031,062600,17031062600,626,Census Tract 626,G5020,S,330018,0,+41.9359751,-087.6709843,41310.0
17,031,062700,17031062700,627,Census Tract 627,G5020,S,325099,0,+41.9360862,-087.6661103,40360.0
17,031,062800,17031062800,628,Census Tract 628,G5020,S,325609,0,+41.9361586,-087.6612648,41210.0
17,031,062900,17031062900,629,Census Tract 629,G5020,S,325739,0,+41.9362370,-087.6564113,41210.0
17,031,063000,17031063000,630,Census Tract 630,G5020,S,324350,0,+41.9363102,-087.6515617,41210.0
17,031,063100,17031063100,631,Census Tract 631,G5020,S,159625,0,+41.9382319,-087.6467799,41320.0
17,031,063200,17031063200,632,Census Tract 632,G5020,S,366716,397543,+41.9389231,-087.6346726,41320.0
17,031,063400,17031063400,634,Census Tract 634,G5020,S,158837,0,+41.9346595,-087.6467302,41210.0
17,031,110400,17031110400,1104,Census Tract 1104,G5020,S,934112,0,+41.9729532,-087.7726108,41280.0
17,031,809200,17031809200,8092,Census Tract 8092,G5020,S,1193252,0,+42.0525535,-087.6992705,40520.0
17,031,809300,17031809300,8093,Census Tract 8093,G5020,S,1017561,0,+42.0579529,-087.6864654,40400.0
17,031,271300,17031271300,2713,Census Tract 2713,G5020,S,327410,0,+41.8773040,-087.7084528,40250.0
17,031,271400,17031271400,2714,Census Tract 2714,G5020,S,328376,0,+41.8772429,-087.7133314,40250.0
17,031,271500,17031271500,2715,Census Tract 2715,G5020,S,162820,0,+41.8717861,-087.7131559,40250.0
17,031,271800,17031271800,2718,Census Tract 2718,G5020,S,205987,0,+41.8714964,-087.6984897,40250.0
17,031,280100,17031280100,2801,Census Tract 2801,G5020,S,592609,0,+41.8852962,-087.6428042,41160.0
17,031,280800,17031280800,2808,Census Tract 2808,G5020,S,237355,0,+41.8785968,-087.6889009,40220.0
17,031,280900,17031280900,2809,Census Tract 2809,G5020,S,115079,0,+41.8786309,-087.6851282,40220.0
17,031,281900,17031281900,2819,Census Tract 2819,G5020,S,438805,0,+41.8792479,-087.6426236,40430.0
17,031,611500,17031611500,6115,Census Tract 6115,G5020,S,488118,0,+41.8054483,-087.6786552,40310.0
17,031,611600,17031611600,6116,Census Tract 6116,G5020,S,315136,0,+41.7975955,-087.6767427,40310.0
17,031,611700,17031611700,6117,Census Tract 6117,G5020,S,328311,0,+41.7975991,-087.6719762,40310.0
17,031,612100,17031612100,6121,Census Tract 6121,G5020,S,326346,0,+41.7979127,-087.6476807,41170.0
17,031,620100,17031620100,6201,Census Tract 6201,G5020,S,837584,0,+41.7980175,-087.7180257,40960.0
17,031,620200,17031620200,6202,Census Tract 6202,G5020,S,577055,0,+41.7955215,-087.7292338,40960.0
17,031,814600,17031814600,8146,Census Tract 8146,G5020,S,825869,0,+41.8616511,-087.7850668,40010.0
17,031,070200,17031070200,702,Census Tract 702,G5020,S,341405,0,+41.9290778,-087.6462930,40530.0
17,031,070300,17031070300,703,Census Tract 703,G5020,S,324403,0,+41.9290463,-087.6513102,40530.0
17,031,070400,17031070400,704,Census Tract 704,G5020,S,324369,0,+41.9289672,-087.6561563,40530.0
17,031,070500,17031070500,705,Census Tract 705,G5020,S,305416,0,+41.9289455,-087.6608922,40530.0
17,031,070600,17031070600,706,Census Tract 706,G5020,S,343156,0,+41.9287627,-087.6656766,40530.0
17,031,071000,17031071000,710,Census Tract 710,G5020,S,324638,0,+41.9217011,-087.6559114,41220.0
17,031,071100,17031071100,711,Census Tract 711,G5020,S,325459,0,+41.9217777,-087.6510614,41220.0
17,031,071200,17031071200,712,Census Tract 712,G5020,S,325200,0,+41.9218547,-087.6462106,41220.0
17,031,071300,17031071300,713,Census Tract 713,G5020,S,309582,0,+41.9217794,-087.6414578,40660.0
17,031,120400,17031120400,1204,Census Tract 1204,G5020,S,1064714,0,+41.9772356,-087.7521623,41280.0
17,031,140100,17031140100,1401,Census Tract 1401,G5020,S,287980,0,+41.9710844,-087.7057941,41180.0
17,031,140200,17031140200,1402,Census Tract 1402,G5020,S,394453,0,+41.9706949,-087.7130043,41290.0
17,031,140400,17031140400,1404,Census Tract 1404,G5020,S,1181559,0,+41.9715371,-087.7389429,41330.0
17,031,809400,17031809400,8094,Census Tract 8094,G5020,S,1009719,1649008,+42.0447842,-087.6725221,40690.0
17,031,809500,17031809500,8095,Census Tract 8095,G5020,S,706557,0,+42.0464561,-087.6877280,40050.0
17,031,292200,17031292200,2922,Census Tract 2922,G5020,S,398013,0,+41.8566518,-087.7157068,40780.0
17,031,292400,17031292400,2924,Census Tract 2924,G5020,S,330646,0,+41.8552398,-087.7223991,40150.0
17,031,292500,17031292500,2925,Census Tract 2925,G5020,S,982569,0,+41.8551611,-087.7322429,40600.0
17,031,300500,17031300500,3005,Census Tract 3005,G5020,S,271030,0,+41.8474251,-087.7219393,40150.0
17,031,300600,17031300600,3006,Census Tract 3006,G5020,S,328182,0,+41.8479904,-087.7173343,40780.0
17,031,300700,17031300700,3007,Census Tract 3007,G5020,S,329127,0,+41.8480720,-087.7124504,40780.0
17,031,282700,17031282700,2827,Census Tract 2827,G5020,S,439303,0,+41.8713668,-087.6886812,40220.0
17,031,282800,17031282800,2828,Census Tract 2828,G5020,S,164412,0,+41.8702682,-087.6849136,40220.0
17,031,283100,17031283100,2831,Census Tract 2831,G5020,S,212435,0,+41.8692736,-087.6640458,41030.0
17,031,283200,17031283200,2832,Census Tract 2832,G5020,S,235929,0,+41.8695726,-087.6591990,40470.0
17,031,283800,17031283800,2838,Census Tract 2838,G5020,S,376020,0,+41.8634141,-087.6537547,40350.0
17,031,290900,17031290900,2909,Census Tract 2909,G5020,S,996495,0,+41.8624103,-087.7324567,40600.0
17,031,291200,17031291200,2912,Census Tract 2912,G5020,S,329138,0,+41.8626611,-087.7128746,40780.0
17,031,291600,17031291600,2916,Census Tract 2916,G5020,S,220340,0,+41.8576415,-087.6922159,40440.0
17,031,620300,17031620300,6203,Census Tract 6203,G5020,S,992183,0,+41.7895025,-087.7304438,40930.0
17,031,620400,17031620400,6204,Census Tract 6204,G5020,S,656281,0,+41.7896382,-087.7181682,40960.0
17,031,630100,17031630100,6301,Census Tract 6301,G5020,S,508072,0,+41.7992713,-087.6816688,40310.0
17,031,630200,17031630200,6302,Census Tract 6302,G5020,S,634190,0,+41.8027454,-087.6940453,40310.0
17,031,630300,17031630300,6303,Census Tract 6303,G5020,S,985491,0,+41.7988620,-087.7086378,41150.0
17,031,630400,17031630400,6304,Census Tract 6304,G5020,S,658247,0,+41.7972545,-087.6987811,41150.0
17,031,630500,17031630500,6305,Census Tract 6305,G5020,S,657743,0,+41.7974274,-087.6890165,40310.0
17,031,814700,17031814700,8147,Census Tract 8147,G5020,S,863934,0,+41.8614524,-087.7976262,40180.0
